source,public_time,content,topic,sensitive_word,theme,id,up_num,retweet_num,comment_num,nickname,sex,province,following,followed,publish_place,publish_tool
https://weibo.cn/search/mblog?hideSearchFrame=&keyword=%E5%85%83%E6%97%A6&advancedfilter=1&starttime=2020-12-04-05&endtime=2021-01-02-06&sort=time&page=1,2021-01-03 13:27,中国警方在线:【天使在人间！#7岁男孩元旦离世捐肝救同龄男孩#】新年第一天，7岁生命的第二天，广东清远男孩小翼永远离开了。父母捐献出他的一对眼角膜和肝脏、肾脏，其中肝脏移植给了同样7岁的广西梧州男孩小捷。妈妈说，小翼很喜欢超人，能救人一定也是小翼的心愿。#平安法治2021# 广州日报的微博视频  ,平安法治2021,元旦,平安法治2021,JBsqyhy3H,0,0,0,中国警方在线,男,北京,462,31516064,无,微博 weibo.com
https://weibo.cn/search/mblog?hideSearchFrame=&keyword=%E5%85%83%E6%97%A6&advancedfilter=1&starttime=2020-12-04-05&endtime=2021-01-02-06&sort=time&page=1,2021-01-03 13:27,我手里有糖哦:#元旦假期生活图鉴#中了中了，我抽中了图一乐呵  的现金红包，相信我还可以抽中更多！图一乐呵 的红包  ,元旦假期生活图鉴,元旦,元旦假期生活图鉴,JBsqwcnct,0,0,0,我手里有糖哦,女,其他,230,114,无,粉丝红包
https://weibo.cn/search/mblog?hideSearchFrame=&keyword=%E5%85%83%E6%97%A6&advancedfilter=1&starttime=2020-12-04-05&endtime=2021-01-02-06&sort=time&page=1,2021-01-03 13:27,粉笔面试教育:#元旦假期最后一天##粉笔茶话会# 有时候时间过得很慢比如上班和憋尿（？）的时候有时候时间过得很快比如放假和摸鱼（？）的时候  原图 ,粉笔茶话会,元旦,粉笔茶话会,JBsqv2CDY,0,0,0,粉笔面试教育,女,北京,47,19152,无,陪你上岸的iPhone客户端
https://weibo.cn/search/mblog?hideSearchFrame=&keyword=%E5%85%83%E6%97%A6&advancedfilter=1&starttime=2020-12-04-05&endtime=2021-01-02-06&sort=time&page=1,2021-01-03 13:27,大猫子呦:为什么元旦没发微博？因为元旦没化妆。 廊坊·香河县  显示地图 原图 ,,元旦,,JBsqs5jtY,0,0,0,大猫子呦,女,河北,154,45,无,Redmi Note 8 Pro四摄
https://weibo.cn/search/mblog?hideSearchFrame=&keyword=%E5%85%83%E6%97%A6&advancedfilter=1&starttime=2020-12-04-05&endtime=2021-01-02-06&sort=time&page=1,2021-01-03 13:27,保持开心娃哈哈:元旦假期最后一天，已经在期待2.1过年放假后的日子，一个月的日子是不是该多转转  原图 ,,元旦,,JBsqraYta,0,0,0,保持开心娃哈哈,女,江苏,92,7,无,iPhone客户端
https://weibo.cn/search/mblog?hideSearchFrame=&keyword=%E5%85%83%E6%97%A6&advancedfilter=1&starttime=2020-12-04-05&endtime=2021-01-02-06&sort=time&page=1,2021-01-03 13:27,二的一次方-:元旦3天都要过去了，新年第一杯奶茶还没喝和第一场电影还没看  [组图共3张] 原图 ,,元旦,,JBsqqgEJR,0,0,0,二的一次方-,女,其他,462,388,无,iPhone客户端
https://weibo.cn/search/mblog?hideSearchFrame=&keyword=%E5%85%83%E6%97%A6&advancedfilter=1&starttime=2020-12-04-05&endtime=2021-01-02-06&sort=time&page=1,2021-01-03 13:27,老马家的猫:#河北疫情#去年元旦因为大雪路滑被停课，今年元旦因为疫情被停课😭 所以是去藁城做核酸检测安全还是去市里安全😭  ,河北疫情,元旦,河北疫情,JBsqq2kZm,0,0,0,老马家的猫,女,河北,154,389,无,iPhone客户端
https://weibo.cn/search/mblog?hideSearchFrame=&keyword=%E5%85%83%E6%97%A6&advancedfilter=1&starttime=2020-12-04-05&endtime=2021-01-02-06&sort=time&page=1,2021-01-03 13:27,就这么健:#元旦假期最后一天# 今天你是怎么过的？  ,元旦假期最后一天,元旦,元旦假期最后一天,JBsqp4H7a,1,0,0,就这么健,男,江苏,125,1350338,无,iPhone 11
https://weibo.cn/search/mblog?hideSearchFrame=&keyword=%E5%85%83%E6%97%A6&advancedfilter=1&starttime=2020-12-04-05&endtime=2021-01-02-06&sort=time&page=2,2021-01-03 13:27,粉笔面试教育:#元旦假期最后一天##粉笔茶话会# 有时候时间过得很慢比如上班和憋尿（？）的时候有时候时间过得很快比如放假和摸鱼（？）的时候  原图 ,粉笔茶话会,元旦,粉笔茶话会,JBsqv2CDY,0,0,0,粉笔面试教育,女,北京,47,19152,无,陪你上岸的iPhone客户端
https://weibo.cn/search/mblog?hideSearchFrame=&keyword=%E5%85%83%E6%97%A6&advancedfilter=1&starttime=2020-12-04-05&endtime=2021-01-02-06&sort=time&page=2,2021-01-03 13:27,大猫子呦:为什么元旦没发微博？因为元旦没化妆。 廊坊·香河县  显示地图 原图 ,,元旦,,JBsqs5jtY,0,0,0,大猫子呦,女,河北,154,45,无,Redmi Note 8 Pro四摄
https://weibo.cn/search/mblog?hideSearchFrame=&keyword=%E5%85%83%E6%97%A6&advancedfilter=1&starttime=2020-12-04-05&endtime=2021-01-02-06&sort=time&page=2,2021-01-03 13:27,保持开心娃哈哈:元旦假期最后一天，已经在期待2.1过年放假后的日子，一个月的日子是不是该多转转  原图 ,,元旦,,JBsqraYta,0,0,0,保持开心娃哈哈,女,江苏,92,7,无,iPhone客户端
https://weibo.cn/search/mblog?hideSearchFrame=&keyword=%E5%85%83%E6%97%A6&advancedfilter=1&starttime=2020-12-04-05&endtime=2021-01-02-06&sort=time&page=2,2021-01-03 13:27,二的一次方-:元旦3天都要过去了，新年第一杯奶茶还没喝和第一场电影还没看  [组图共3张] 原图 ,,元旦,,JBsqqgEJR,0,0,0,二的一次方-,女,其他,462,388,无,iPhone客户端
https://weibo.cn/search/mblog?hideSearchFrame=&keyword=%E5%85%83%E6%97%A6&advancedfilter=1&starttime=2020-12-04-05&endtime=2021-01-02-06&sort=time&page=2,2021-01-03 13:27,老马家的猫:#河北疫情#去年元旦因为大雪路滑被停课，今年元旦因为疫情被停课😭 所以是去藁城做核酸检测安全还是去市里安全😭  ,河北疫情,元旦,河北疫情,JBsqq2kZm,0,0,0,老马家的猫,女,河北,154,389,无,iPhone客户端
https://weibo.cn/search/mblog?hideSearchFrame=&keyword=%E5%85%83%E6%97%A6&advancedfilter=1&starttime=2020-12-04-05&endtime=2021-01-02-06&sort=time&page=2,2021-01-03 13:27,就这么健:#元旦假期最后一天# 今天你是怎么过的？  ,元旦假期最后一天,元旦,元旦假期最后一天,JBsqp4H7a,2,0,0,就这么健,男,江苏,125,1350338,无,iPhone 11
https://weibo.cn/search/mblog?hideSearchFrame=&keyword=%E5%85%83%E6%97%A6&advancedfilter=1&starttime=2020-12-04-05&endtime=2021-01-02-06&sort=time&page=2,2021-01-03 13:27,南七笙鸠:#元旦假期最后一天#元旦假期与考试周无缝衔接 高州市  显示地图 原图 ,元旦假期最后一天,元旦,元旦假期最后一天,JBsqoyzgy,0,0,0,南七笙鸠,女,广东,230,84,#元旦假期最后一天#,Redmi Note 8四摄
https://weibo.cn/search/mblog?hideSearchFrame=&keyword=%E5%85%83%E6%97%A6&advancedfilter=1&starttime=2020-12-04-05&endtime=2021-01-02-06&sort=time&page=2,2021-01-03 13:27,哒哒哒嗪:赞赞开始发威了，元旦这几天上了多少热搜，还来了次开屏广告，不愧是赞姨，觉得风头过去了，就开始疯狂营销  ,,元旦,,JBsqogXMX,0,0,0,哒哒哒嗪,女,浙江,126,46,无,OnePlus 6
https://weibo.cn/search/mblog?hideSearchFrame=&keyword=%E5%85%83%E6%97%A6&advancedfilter=1&starttime=2020-12-04-05&endtime=2021-01-02-06&sort=time&page=2,2021-01-03 13:27,我手里有糖哦:#元旦假期生活图鉴#  ,元旦假期生活图鉴,元旦,元旦假期生活图鉴,JBsqodG5z,0,0,0,我手里有糖哦,女,其他,230,114,无,HUAWEI Mate 20
https://weibo.cn/search/mblog?hideSearchFrame=&keyword=%E5%85%83%E6%97%A6&advancedfilter=1&starttime=2020-12-04-05&endtime=2021-01-02-06&sort=time&page=3,2021-01-03 13:27,粉笔面试教育:#元旦假期最后一天##粉笔茶话会# 有时候时间过得很慢比如上班和憋尿（？）的时候有时候时间过得很快比如放假和摸鱼（？）的时候  原图 ,粉笔茶话会,元旦,粉笔茶话会,JBsqv2CDY,0,0,0,粉笔面试教育,女,北京,47,19152,无,陪你上岸的iPhone客户端
https://weibo.cn/search/mblog?hideSearchFrame=&keyword=%E5%85%83%E6%97%A6&advancedfilter=1&starttime=2020-12-04-05&endtime=2021-01-02-06&sort=time&page=3,2021-01-03 13:27,大猫子呦:为什么元旦没发微博？因为元旦没化妆。 廊坊·香河县  显示地图 原图 ,,元旦,,JBsqs5jtY,0,0,0,大猫子呦,女,河北,154,45,无,Redmi Note 8 Pro四摄
https://weibo.cn/search/mblog?hideSearchFrame=&keyword=%E5%85%83%E6%97%A6&advancedfilter=1&starttime=2020-12-04-05&endtime=2021-01-02-06&sort=time&page=3,2021-01-03 13:27,保持开心娃哈哈:元旦假期最后一天，已经在期待2.1过年放假后的日子，一个月的日子是不是该多转转  原图 ,,元旦,,JBsqraYta,0,0,0,保持开心娃哈哈,女,江苏,92,7,无,iPhone客户端
https://weibo.cn/search/mblog?hideSearchFrame=&keyword=%E5%85%83%E6%97%A6&advancedfilter=1&starttime=2020-12-04-05&endtime=2021-01-02-06&sort=time&page=3,2021-01-03 13:27,二的一次方-:元旦3天都要过去了，新年第一杯奶茶还没喝和第一场电影还没看  [组图共3张] 原图 ,,元旦,,JBsqqgEJR,0,0,0,二的一次方-,女,其他,462,388,无,iPhone客户端
https://weibo.cn/search/mblog?hideSearchFrame=&keyword=%E5%85%83%E6%97%A6&advancedfilter=1&starttime=2020-12-04-05&endtime=2021-01-02-06&sort=time&page=3,2021-01-03 13:27,老马家的猫:#河北疫情#去年元旦因为大雪路滑被停课，今年元旦因为疫情被停课😭 所以是去藁城做核酸检测安全还是去市里安全😭  ,河北疫情,元旦,河北疫情,JBsqq2kZm,0,0,0,老马家的猫,女,河北,154,389,无,iPhone客户端
https://weibo.cn/search/mblog?hideSearchFrame=&keyword=%E5%85%83%E6%97%A6&advancedfilter=1&starttime=2020-12-04-05&endtime=2021-01-02-06&sort=time&page=3,2021-01-03 13:27,就这么健:#元旦假期最后一天# 今天你是怎么过的？  ,元旦假期最后一天,元旦,元旦假期最后一天,JBsqp4H7a,4,0,0,就这么健,男,江苏,125,1350338,无,iPhone 11
https://weibo.cn/search/mblog?hideSearchFrame=&keyword=%E5%85%83%E6%97%A6&advancedfilter=1&starttime=2020-12-04-05&endtime=2021-01-02-06&sort=time&page=3,2021-01-03 13:27,南七笙鸠:#元旦假期最后一天#元旦假期与考试周无缝衔接 高州市  显示地图 原图 ,元旦假期最后一天,元旦,元旦假期最后一天,JBsqoyzgy,0,0,0,南七笙鸠,女,广东,230,84,#元旦假期最后一天#,Redmi Note 8四摄
https://weibo.cn/search/mblog?hideSearchFrame=&keyword=%E5%85%83%E6%97%A6&advancedfilter=1&starttime=2020-12-04-05&endtime=2021-01-02-06&sort=time&page=3,2021-01-03 13:27,哒哒哒嗪:赞赞开始发威了，元旦这几天上了多少热搜，还来了次开屏广告，不愧是赞姨，觉得风头过去了，就开始疯狂营销  ,,元旦,,JBsqogXMX,0,0,0,哒哒哒嗪,女,浙江,126,46,无,OnePlus 6
https://weibo.cn/search/mblog?hideSearchFrame=&keyword=%E5%85%83%E6%97%A6&advancedfilter=1&starttime=2020-12-04-05&endtime=2021-01-02-06&sort=time&page=3,2021-01-03 13:27,我手里有糖哦:#元旦假期生活图鉴#  ,元旦假期生活图鉴,元旦,元旦假期生活图鉴,JBsqodG5z,0,0,0,我手里有糖哦,女,其他,230,114,无,HUAWEI Mate 20
